Nº,Código,Nome,Galáxia,Card,Nível,Raça / Tipo,Tipo 1,Tipo 2,Tipo 3,Vida,Ataque,Escudo,Contra-Ataque,Alcance,Habilidades,Energia 1,Efeito 1,Descrição 1,Energia 2,Efeito 2,Descrição 2,Frase,Ilustrador,Raridade,Ano
83,A1 - 01,Bylub,Aliança Zymetrix,Criatura,1,Greensly,Atirador,-,-,1,1,1,-,2,Teletransporte,1,Antecipação,"Depois que uma criatura inimiga atacar um alvo aliado, cause 1 de dano penetrante a ela. Se a criatura inimiga ficar com 1 de vida ou for derrotada por este efeito, este card é devolvido para a sua mão.",-,-,-,-,Ernst Eskelsen,Comum,2024
83-B,A1 - 01,Bylub,Aliança Zymetrix,Criatura,1,Greensly,Atirador,-,-,1,1,1,-,2,Teletransporte,1,Antecipação,"Depois que uma criatura inimiga atacar um alvo aliado, cause 1 de dano penetrante a ela. Se a criatura inimiga ficar com 1 de vida ou for derrotada por este efeito, este card é devolvido para a sua mão.",-,-,-,-,Samuel Marcelino,Comum,2024
84,A1 - 02,Droypper,Aliança Zymetrix,Criatura,1,Greensly,Operador,-,-,2,2,1,-,2,-,X,Antecipação,"Quando uma criatura inimiga for invocada, devolva-a para a mão. ""X"" é igual ao nível do card.",-,-,-,-,Ernst Eskelsen,Comum,2024
85,A1 - 03,Syderia,Aliança Zymetrix,Criatura,1,Greensly,Comandante,-,-,2,2,0,-,1,-,1,Instântaneo,"Suportes do tipo nave custam 1N a menos para serem invocados neste turno, mas nunca zero.",1,Único Golpe,Devolva uma outra criatura aliada para a mão. Ela custará 1N a menos se for reinvocada neste turno.,-,Gustav Arantes,Comum,2024
86,A1 - 04,Strylik,Aliança Zymetrix,Criatura,1,Animal,-,-,-,2,3,0,1,1,Agilidade-2,0,Instântaneo,"Se Strylik estiver sendo invocada pela segunda vez no turno, sua agilidade custa zero.",-,-,-,Um animal veloz que usa uma cortina de fumaça para escapar de predadores.,Victor Maristane,Comum,2024
87,A1 - 05,Dextrion,Aliança Zymetrix,Criatura,2,Tetrion,Operador,-,-,3,3,2,1,1,-,1,Único Golpe ,"Escolha um efeito: • Busque uma estratégia ou equipamento em derrotados, revele-o e coloque-o na mão. • Conceda +1 de durabilidade a um suporte do tipo nave, mecanismo ou armamento.",-,-,-,-,Gomes Brown,Comum,2024
88,A1 - 06,Glyndor,Aliança Zymetrix,Criatura,2,Greensly,Atirador,-,-,2,3,1,1,3,-,1,Permanente,Escolha um lugar vago no campo do oponente e bloqueie-o (o lugar não pode ser ocupado).,-,-,-,-,Ernst Eskelsen,Comum,2024
89,A1 - 07,Nergus,Aliança Zymetrix,Criatura,2,Greensly,Guerreiro,-,-,3,3,1,1,1,Intuição,1,Permanente,"Sempre que uma nave no seu campo perder durabilidade, cause 2 de dano penetrante a um alvo no alcance desta criatura.",-,-,-,“Subestimei demais aqueles goblins.” ,Ernst Eskelsen,Comum,2024
90,A1 - 08,Clonnos,Aliança Zymetrix,Criatura,2,Greensly,Defensor,Guerreiro,-,2,3,2,1,1,Alvo Primário Intuição,2,Único Golpe,"Invoque a segunda cópia de Clonnos da mão, deck ou derrotados. Caso seja do deck, embaralhe-o.",-,-,-,-,Ernst Eskelsen,Comum,2024
91,A1 - 09,Neonyus,Aliança Zymetrix,Criatura,3,Greensly,Guerreiro,-,-,3,4,2,1,1,Agilidade-2,1,Resposta,"Quando esta criatura for alvo de um ataque ou de um efeito de confronto, conceda-a +2 de escudo ou +2 de contra-ataque durante o combate.",-,-,-,-,Ernst Eskelsen,Comum,2024
92,A1 - 10,Zenthos,Aliança Zymetrix,Criatura,3,Omni-Zen,-,-,-,4,3,2,1,2,-,X,Inteligente,"Devolva uma criatura sua e uma do oponente para as mãos. ""X"" é igual ao maior nível entre elas.",-,-,-,-,Ernst Eskelsen,Comum,2024
93,A1 - 11,Kal-Belzeruk,Aliança Zymetrix,Criatura,3,Kal,-,-,-,4,3,1,1,2,-,X,Inteligente,"Invoque até 4 ""Kalberus"" do seu deck especial. ""X"" é igual a quantos você quer invocar.",-,-,-,"Kal, O Domador.",Victor Maristane,Comum,2024
94,A1 - 12,Vorggon,Aliança Zymetrix,Criatura,4,Animal,Verme,-,-,5,5,2,3,1,-,0,Efeito de Combate,Vorggon ganha +1 de vida e + 1 de ataque.,-,-,-,"A Aliança Zymetrix usa os vorggons como um grande elemento surpresa na batalha, devido sua capacidade de crescer rapidamente em qualquer solo.",Victor Maristane,Comum,2024
95,A1 - 13,Zyntaris,Aliança Zymetrix,Suporte,2,Suporte,Nave,-,-,-,-,-,-,-,Intuição,0,Permanente,"A cada turno do oponente, o primeiro efeito antecipação que você ativar, que seja de uma criatura da Galáxia Adroit, custa 1E a menos.",1,Super Resposta,"2x Quando sua fortaleza sofrer dano, reduza o dano pela metade. Arredonde o dano para menos se preciso.","Minimizar danos e conter ameaças. / Uma nave tática, pronta para defender a Zyberion Nexus.",Gustav Arantes,Comum,2024
96,A1 - 14,Zytrion-X,Aliança Zymetrix,Suporte,3,Suporte,Nave,-,-,-,-,-,-,-,-,X,Inteligente,"2x Cause 1* de dano penetrante a um alvo inimigo. O dano aumenta em 1 a cada ativação. ""X"" é igual ao valor do dano.",-,-,-,Uma nave cara aos cofres da Aliança.,Gustav Arantes,Comum,2024
97,A1 - 15,Abdução,Aliança Zymetrix,Estratégia,0,Estratégia,-,-,-,-,-,-,-,-,-,X,Antecipação,"Se você tem uma nave em campo, este efeito pode ser ativado. Quando uma criatura inimiga for invocada, tome o controle dela até o final do seu próximo turno. “X” é igual ao nível da criatura alvo.",-,-,-,-,Gustav Arantes,Comum,2024
98,A1 - 16,Kalberus,Aliança Zymetrix,Criatura Especial,1,Animal,-,-,-,1,1,0,1,1,-,0,Permanente,Ataque penetrante.,0,Último Golpe,Devolva esta Criatura para o deck especial.,Possui língua corrosiva e garras afiadas.,Victor Maristane,Comum,2024
99,A1 - 17,Kal-Belzeruk (Ev.),Aliança Zymetrix,Criatura Especial,4,Kal,-,-,-,6,5,1,2,2,-,2,Resposta,"Quando o oponente declarar um ataque, ou quando ativar um efeito de uma criatura que tenha como alvo uma criatura aliada, invoque um “Kalberus” do seu deck especial para anular o ataque ou efeito.",-,-,-,-,Victor Maristane,Comum,2024
116,A1 - 18,Lupzen,Aliança Zymetrix,Criatura,1,Omni-Zen,-,-,-,3,0,1,1,2,Intuição,0,Permanente,"Sempre que você invocar uma criatura através de um efeito antecipação, devolva-a para a mão imediatamente após o efeito ser resolvido.",-,-,-,Ciclo Temporal da Existência.,Ernst Eskelsen,Raro,2024
117,A1 - 19,Nubb,Aliança Zymetrix,Criatura,1,Greensly,Atirador,-,-,2,2,1,-,2,-,X,Instântaneo,Conceda 1 marcador de veneno a uma criatura inimiga N1 ou N2 (o alvo perde 1 de vida a cada início de turno do seu dono). “X” é igual ao nível do card.,-,-,-,-,Eduardo Brasil,Raro,2024
118,A1 - 20,Qhizol,Aliança Zymetrix,Criatura,2,Animal,-,-,-,3,3,2,2,1,-,1,Antecipação,"Quando o oponente passar a vez com 2E ou mais sobrando, gaste 2E dele. Este card é invocado antes do turno do oponente acabar.",-,-,-,Exaurindo recursos.,Eduardo Brasil,Raro,2024
119,A1 - 21,Uzen,Aliança Zymetrix,Criatura,2,Omni-Zen,-,-,-,4,0,2,1,3,-,0,Permanente,"Sempre que uma criatura aliada for devolvida do campo para a mão, cause 2 de dano a uma fortaleza.",-,-,-,-,William Borba e Gomes Brown,Raro,2024
119-B,A1 - 21,Uzen,Aliança Zymetrix,Criatura,2,Omni-Zen,-,-,-,4,0,2,1,3,-,0,Permanente,"Sempre que uma criatura aliada for devolvida do campo para a mão, cause 2 de dano a uma fortaleza.",-,-,-,-,Ernst Eskelsen,Raro,2025
120,A1 - 22,Quazen,Aliança Zymetrix,Criatura,2,Omni-Zen,Água,-,-,3,3,1,1,1,Intuição,1,Único Golpe,"Escolha um efeito: • Devolva até duas criaturas aliadas para a mão, exceto esta. • Compre um card.",-,-,-,"Nas profundezas deste mar roxo, um brilhante artefato foi encontrado.",Ernst Eskelsen,Raro,2024
121,A1 - 23,Dyplozen,Aliança Zymetrix,Criatura,3,Omni-Zen,-,-,-,3,3,2,1,2,-,3,Instântaneo,"Se você não atacou uma fortaleza neste turno, este efeito pode ser ativado. As fortalezas não podem ser atacadas por uma rodada. Dyplozen não pode ser alvo de efeitos aliados nesta rodada.",-,-,-,"""Tenho uma proposta...""",Ernst Eskelsen,Raro,2024
122,A1 - 24,Groxxyn,Aliança Zymetrix,Criatura,3,Glummun,Gosma,Pedra,-,5,4,1,2,1,-,2,Inteligente,"Escolha uma criatura inimiga. Ela ficará inerte (não pode atacar, se mover ou ativar efeitos) até que o oponente pague 3E para remover esta condição.",-,-,-,"Desfazendo-se da sua casca de pedra, a criatura revela sua verdadeira forma.",Ernst Eskelsen,Raro,2024
123,A1 - 25,Granoid- Trix,Aliança Zymetrix,Equipamento,1,Equipamento,Greensly,Tetrion,Combatente,-,-,-,-,-,-,-,-, +1 ataque +1 contra-ataque,1,Último Golpe,Conceda 1 marcador de veneno a uma criatura inimiga (o alvo perde 1 de vida a cada início de turno do seu dono).,Uma toxina criada para fortalecer alguns e ser letal para outros.,Gustav Arantes,Raro,2024
124,A1 - 26,Upgrade das Naves,Aliança Zymetrix,Estratégia,0,Estratégia,-,-,-,-,-,-,-,-,-,X,Instântaneo,Conceda +1 de durabilidade a todos os seus suportes do tipo nave. “X” é igual a quantos suportes do tipo nave você tem em campo.,-,-,-,"""Calma comandante...""",Eduardo Brasil,Raro,2024
125,A1 - 27,Groxxyn (Ev.),Aliança Zymetrix,Criatura Especial,4,Glummun,Gosma,-,-,5,6,1,2,2,-,2,Inteligente,"Escolha uma criatura inimiga. Ela ficará inerte (não pode atacar, se mover ou ativar efeitos) até que o oponente pague 4E para remover esta condição.",-,-,-,"Inertes na gosma verde, criaturas poderosas tornam-se presas fáceis.",Ernst Eskelsen,Raro,2024
136,A1 - 28,Ahni'Grav,Aliança Zymetrix,Criatura,1,Brownsly,-,-,-,2,2,0,1,1,-,X,Antecipação,"Ative em qualquer turno: anule a ativação de um efeito de uma criatura inimiga, que não seja permanente. “X” é igual ao nível da criatura alvo.",-,-,-,Transe Hipnótico.,Nicholas Hoe,Épico,2024
137,A1 - 29,Devorax,Aliança Zymetrix,Criatura,2,Animal,-,-,-,3,3,0,2,1,Agilidade-2 Super-Velocidade,0,Instantâneo,Devolva um equipamento inimigo para o deck. O deck deve ser embaralhado.,-,-,-,O animal mais rápido da Aliança.,Eduardo Brasil,Épico,2024
138,A1 - 30,Krolgzer,Aliança Zymetrix,Criatura,2,Kroll,-,-,-,4,4,0,1,2,-,3,Único Golpe,"Veja dois cards aleatórios da mão do oponente e destrua um deles. Se o oponente tem sete cards ou mais na mão, pague 2 neste efeito.",-,-,-,Aniquilamento Noturno.,Nicholas Hoe,Épico,2024
139,A1 - 31,Tetrak,Aliança Zymetrix ,Criatura,2,Tetrion,Atirador,Combatente,-,4,3,1,-,2,-,0,Permanente,Pode ser equipado com qualquer equipamento da Galáxia Adroit ou Stroj.,2,Resposta,"Quando um equipamento for acoplado nesta criatura, busque a segunda cópia do equipamento na mão, deck ou derrotados e também acople em Tetrak. Caso busque no deck, embaralhe-o. ",Tetrak domina todas as tecnologias.,Gomes Brown,Épico,2024
140,A1 - 32,Deskderb,Aliança Zymetrix,Criatura,3,Greensly,Atirador,-,-,2,4,2,2,3,Teletransporte Intuição,-,-,-,-,-,-,Um mercenário intergaláctico em busca de aventuras em planetas distantes.,Ernst Eskelsen,Épico,2024
140-B,A1 - 32,Deskderb,Aliança Zymetrix,Criatura,3,Greensly,Atirador,-,-,2,4,2,2,3,Teletransporte Intuição,-,-,-,-,-,-,Um mercenário intergaláctico em busca de aventuras em planetas distantes.,Ernst Eskelsen,Épico,2025
141,A1 - 33,Symbio-Trix,Aliança Zymetrix,Equipamento,1,Equipamento,Animal,-,-,-,-,-,-,-,Intuição,-,-, +1 ataque +1 contra-ataque,0,Último Golpe,Reinvoque Symbio-Trix em outro animal aliado.,-,Eduardo Brasil,Épico,2024
142,A1 - 34,Retaliação Feroz,Aliança Zymetrix,Estratégia,0,Estratégia,-,-,-,-,-,-,-,-,-,2,Resposta,"3x Este efeito só pode ser ativado se houver um “Kal-Belzeruk” em seu campo. Depois que uma criatura inimiga atacar um alvo aliado, cause dano penetrante a ela igual a quantidade de animais da Galáxia Adroit que você tem em campo.",-,-,-,-,Victor Maristane,Épico,2024
143,A1 - 35,Luzzen,Aliança Zymetrix,Criatura,3,Omni-Zen,-,-,-,4,4,2,-,2,-,2,Permanente,"Escolha um nível. Criaturas inimigas com o nível escolhido não podem ser invocadas. Se houver outro Luzzen ativo no seu campo, pague 5 neste efeito.",-,-,-,-,Ernst Eskelsen,Lendário,2024
143-B,A1 - 35,Luzzen,Aliança Zymetrix,Criatura,3,Omni-Zen,-,-,-,4,4,2,-,2,-,2,Permanente,"Escolha um nível. Criaturas inimigas com o nível escolhido não podem ser invocadas. Se houver outro Luzzen ativo no seu campo, pague 5 neste efeito.",-,-,-,-,Ernst Eskelsen,Lendário,2025
144,A1 - 36,Oblithul,Aliança Zymetrix,Criatura,4,Híbrido,-,-,-,4,5,1,2,2,Voo,4,Único Golpe,Seus oponentes não podem ativar efeitos por uma rodada. Oblithul não pode ser alvo de efeitos aliados nesta rodada.,-,-,-,O zumbido de Oblithul é atormentador.,Victor Maristane,Lendário,2024
145,A1 - 37,Disparos Coordenados,Aliança Zymetrix,Evento,0,Evento,-,-,-,-,-,-,-,-,-,0,Permanente,Serve como uma nave para efeitos aliados que dependem de uma nave para serem ativados.,7,Único Golpe,Cause 3 de dano penetrante em até três alvos.,-,Gustav Arantes,Lendário,2024
F3,A1 - F1,Zyberion Nexus,Aliança Zymetrix,Fortaleza,-,Fortaleza,-,-,-,30,-,-,-,-,-,3,Único Golpe,Escolha um efeito: • Devolva uma criatura aliada para a mão e conceda 1 marcador de veneno a uma criatura inimiga (o alvo perde 1 de vida a cada início de turno do seu dono). • Invoque uma nave diretamente do seu deck. Embaralhe. ,-,-,-,"Construída após a Conferência dos Mundos, com o objetivo de invadir planetas e captar recursos.",Gustav Arantes,Comum,2024
R3,A1 - R1,Recurso - Adroit ,Aliança Zymetrix,Recurso,0,Recurso,-,-,-,-,-,-,-,-,-,-,-," +1 DE NÍVEL OU +1 DE ENERGIA, SOMENTE NESTE TURNO. Utilize o recurso em qualquer turno. Ele não pode ser anulado, pois não é considerado um efeito. Após seu uso, envie-o para zona de descarte.",-,-,-,-,William Borba,Comum,2024
21,G1 - 01,Themis Althea,Amazonas de Náxos,Criatura,1,Humano,Amazona,Guerreiro,-,3,2,1,1,1,-,2,Inteligente,"Suas amazonas custam 1N a menos para serem invocadas neste turno, mas nunca zero.",-,-,-,-,Diego Machuca,Comum,2020
22,G1 - 02,"Alice Saitta, A Estrategista",Amazonas de Náxos,Criatura,1,Humano,Amazona,Guerreiro,-,3,3,0,1,1,Intuição,1,Instântaneo,Olhe os três primeiros cards no topo do seu deck e reorganize-os da maneira que quiser.,-,-,-,-,Leo Rodrigues e Mariana Livraes,Comum,2020
23,G1 - 03,Alessa Chronis,Amazonas de Náxos,Criatura,1,Humano,Amazona,Guerreiro,-,2,3,1,-,1,-,2,Único Golpe,"Revele o card no topo do deu deck. Se for uma amazona N2 invoque-a sem custo. Se for uma amazona de outro nível, coloque-a na mão. Caso não seja uma amazona, envie o card para derrotados.",-,-,-,-,Vinicius Bortoletto,Comum,2020
24,G1 - 04,Heleen Herod,Amazonas de Náxos,Criatura,1,Humano,Amazona,Guerreiro,-,2,3,1,-,1,Agilidade-2,-,-,-,-,-,-,-,Leonardo Santanna,Comum,2020
25,G1 - 05,Julie Asker,Amazonas de Náxos,Criatura,1,Humano,Amazona,Guerreiro,-,2,3,1,-,1,Intuição,0,Instântaneo,"Busque um equipamento do grupo Amazonas de Náxos no deck, revele-o e coloque na mão. Embaralhe.",-,-,-,-,Leonardo Santanna,Comum,2020
26,G1 - 06,Emilly Makris,Amazonas de Náxos,Criatura,1,Humano,Amazona,Guerreiro,-,1,3,1,-,2,Intuição,0,Instântaneo,Cause 1 de dano penetrante a uma criatura no alcance desta.,-,-,-,"Tiro Certeiro. Uma garota inexperiente, porém corajosa.",Harumi Namba,Comum,2020
27,G1 - 07,Agatha Petrides,Amazonas de Náxos,Criatura,2,Humano,Amazona,Guerreiro,-,3,4,1,2,1,-,1,Único Golpe,Conceda +1 de contra-ataque para suas outras amazonas que não sejam arqueiros.,-,-,-,"""Aguarde o momento certo.""",Pedro Krüger,Comum,2020
28,G1 - 08,Alexxia Liakos,Amazonas de Náxos,Criatura,2,Humano,Amazona,Guerreiro,-,2,4,1,1,1,Agilidade-2,-,-,-,-,-,-,-,Filipe Siqueira,Comum,2020
29,G1 - 09,Nyssa Kontos,Amazonas de Náxos,Criatura,2,Humano,Amazona,Arqueiro,-,4,3,1,-,3,Intuição,0,Permanente,"Ataque perfurante (o dano que passar pelo escudo da criatura alvo atingirá também o primeiro inimigo que estiver atrás dela, seja uma criatura ou a fortaleza).",-,-,-,-,Daniel Oliveira,Comum,2020
30,G1 - 10,Alana Dimitris,Amazonas de Náxos,Criatura,2,Humano,Amazona,Arqueiro,-,3,3,1,-,3,-,2,Permanente,"Sempre que uma amazona for invocada no seu campo, cause 1 de dano penetrante a uma criatura.",-,-,-,-,Leo Rodrigues e Daniel Oliveira,Comum,2020
30-B,G1 - 10,Alana Dimitris,Amazonas de Náxos,Criatura,2,Humano,Amazona,Arqueiro,-,3,3,1,-,3,-,2,Permanente,"Sempre que uma amazona for invocada no seu campo, cause 1 de dano penetrante a uma criatura.",-,-,-,-,Diego Machuca,Comum,2025
31,G1 - 11,Cloey Harris,Amazonas de Náxos,Criatura,2,Humano,Amazona,Arqueiro,-,3,4,1,-,3,-,2,Único Golpe,Destrua o escudo de uma criatura do oponente.,-,-,-,"Disparo de Flecha Explosiva. ""Você fez eu usar minha melhor flecha.""",Robson Michel,Comum,2020
32,G1 - 12,Lorena Pallas,Amazonas de Náxos,Criatura,3,Humano,Amazona,Guerreiro,-,4,5,1,1,2,-,1,Antecipação,"Quando uma amazona aliada for derrotada você pode invocar esta em seu lugar, custando 1N a menos.",-,-,-,-,Robson Michel,Comum,2020
33,G1 - 13,Sapphira Andreas,Amazonas de Náxos,Criatura,3,Humano,Amazona,Defensor,-,4,3,2,-,1,-,4,Permanente,Suas outras amazonas têm +1 de escudo.,-,-,-,-,Marcelo Rasdra,Comum,2020
34,G1 - 14,Sonya Kamber,Amazonas de Náxos,Criatura,3,Humano,Amazona,Defensor,Mestre,6,3,2,1,1,-,1,Instântaneo,"Invoque o card ""Amazonas Calouras"" do seu deck especial. Pague o custo do card.",-,-,-,"""Venham alunas, é hora da batalha.""",Diego Machuca,Comum,2020
35,G1 - 15,Alisha Kamber,Amazonas de Náxos,Criatura,3,Humano,Amazona,Arqueiro,Mestre,4,4,2,-,3,Intuição,1,Efeito de Combate,As criaturas adjacentes ao alvo sofrem 1 de dano penetrante.,-,-,-,Alisha treina outras amazonas que sonham ser como ela.,Diego Machuca,Comum,2020
36,G1 - 16,Pyetra Vlachos,Amazonas de Náxos,Criatura,3,Humano,Amazona,Arqueiro,-,3,4,2,-,2,Esconder,-,-,-,-,-,-,-,Lucas Torquato,Comum,2020
37,G1 - 17,Armas Secretas da Ilha de Náxos,Amazonas de Náxos,Equipamento,3,Equipamento,Amazona,Guerreiro,-,-,-,-,-,-,-,-,-, +3 de Ataque e +1 de Escudo,-,-,-,-,Leonardo Santanna,Comum,2020
38,G1 - 18,União das Arqueiras,Amazonas de Náxos,Estratégia,0,Estratégia,-,-,-,-,-,-,-,-,-,X,Inteligente,"2x Para cada amazona arqueiro no seu campo, você pode causar 1 de dano penetrante a uma única criatura, onde ""X"" é igual a quantas arqueiros você usar neste efeito.",-,-,-,"""Se nos unirmos poderemos ser mais fortes que ele.""",Filipe Siqueira,Comum,2020
39,G1 - 19,Amazonas Calouras,Amazonas de Náxos,Criatura Especial,2,Humano,Amazona,Defensor,-,6,0,2,1,1,Alvo Primário,0,Permanente Obrigatório,As forças deste card não podem ser aumentadas.,-,-,-,-,Gomes Brown,Comum,2020
40,G1 - 20,Lorena Pallas (Ev.),Amazonas de Náxos,Criatura Especial,4,Humano,Amazona,Guerreiro,-,6,5,2,1,2,Multiataque-D,-,-,-,-,-,-,-,Robson Michel,Comum,2020
52,G1 - 21,Kalya Linard,Amazonas de Náxos,Criatura,1,Humano,Amazona,Guerreiro,-,2,3,0,2,1,-,1,Antecipação,"Quando uma criatura inimiga causar dano à sua fortaleza, cause 2 de dano penetrante àquela criatura.",-,-,-,-,Diego Machuca,Raro,2020
53,G1 - 22,Nohely Kaligaris,Amazonas de Náxos,Criatura,1,Humano,Amazona,Arqueiro,-,2,3,0,-,3,Intuição,1,Instântaneo,Compre um card e cause 1 de dano penetrante.,-,-,-,-,Diego Machuca,Raro,2020
54,G1 - 23,Yrís Hatzis,Amazonas de Náxos,Criatura,1,Humano,Amazona,Arqueiro,-,2,3,0,-,3,Agilidade-2,1,Instântaneo,"Cause 1 de dano penetrante. Se outra arqueiro já foi invocada neste turno, cause 2 ao invés de 1.",-,-,-,-,Diego Machuca,Raro,2020
54-B,G1 - 23,Yrís Hatzis,Amazonas de Náxos,Criatura,1,Humano,Amazona,Arqueiro,-,2,3,0,-,3,Agilidade-2,1,Instântaneo,"Cause 1 de dano penetrante. Se outra arqueiro já foi invocada neste turno, cause 2 ao invés de 1.",-,-,-,-,Diego Machuca e Arthur Portela,Raro,2025
55,G1 - 24,Jacee Loris,Amazonas de Náxos,Criatura,2,Humano,Amazona,Guerreiro,-,3,4,1,1,1,Multiataque-F,0,Permanente,Vigor (ocorre depois que esta criatura sobrevive ao derrotar um inimigo) : Jacee Loris ganha +1 de vida.,-,-,-,-,Pedro Krüger,Raro,2020
56,G1 - 25,Tessa Rubis,Amazonas de Náxos,Criatura,2,Humano,Amazona,Guerreiro,-,3,4,1,2,1,-,1,Único Golpe,Tessa Rubis pode atacar novamente neste turno.,-,-,-,-,Daniel Oliveira,Raro,2020
57,G1 - 26,Kynthia Cali,Amazonas de Náxos,Criatura,2,Humano,Amazona,Guerreiro,Ladino,2,4,2,-,1,Esconder,1,Resposta,Ative enquanto Kynthia Cali estiver escondida. No momento que uma criatura inimiga for invocada na linha de ataque. Cause 3 de dano penetrante àquela criatura.,-,-,-,-,Lucas Torquato,Raro,2020
58,G1 - 27,Maya Myron,Amazonas de Náxos,Criatura,3,Humano,Amazona,Guerreiro,-,3,4,2,-,1,Agilidade-3,2,Instântaneo,Outras amazonas guerreiros ganham agilidade ao serem invocadas neste turno.,-,-,-,Investida das Amazonas.,Diego Machuca,Raro,2020
59,G1 - 28,Katherine Adamopoulos,Amazonas de Náxos,Criatura,3,Humano,Amazona,Guerreiro,-,3,6,2,1,1,-,3,Único Golpe,"Destrua uma criatura N1, N2 ou N3 do seu oponente que encontra-se ferida ao alcance desta e que não esteja usando a habilidade alvo-primário.",-,-,-,"""Só estou começando.""",Diego Machuca,Raro,2020
60,G1 - 29,Thea Persayious,Amazonas de Náxos,Criatura,3,Humano,Amazona,Guerreiro,-,3,5,2,2,1,-,3,Permanente,Suas amazonas têm +1 de ataque.,-,-,-,-,Diego Machuca,Raro,2020
61,G1 - 30,Ataque Inesperado da Arqueira,Amazonas de Náxos,Ação,0,Ação,Arqueiro,-,-,-,-,-,-,-,-,3,Instântaneo, +2 de ataque e agilidade neste turno.,-,-,-,-,Robson Michel,Raro,2020
62,G1 - 31,Maya Myron (Ev.),Amazonas de Náxos,Criatura Especial,4,Humano,Amazona,Guerreiro,-,6,5,2,2,1,-,1,Resposta,1x Anule um ataque direcionado a Maya Myron e cause 2 de dano penetrante à criatura atacante.,-,-,-,-,Diego Machuca,Raro,2020
67,G1 - 32,Norah Kallis,Amazonas de Náxos,Criatura,2,Humano,Amazona,Guerreiro,-,2,4,2,1,2,-,2,Único Golpe,Imobilize uma criatura inimiga por uma rodada (a criatura alvo não pode atacar nem se mover).,-,,,-,Diego Machuca,Épico,2025
68,G1 - 33,Aurora Roussou,Amazonas de Náxos,Criatura,2,Humano,Amazona,Guerreiro,-,3,3,1,2,1,-,1,Instântaneo,"Busque o ""Machado da Aurora"" em derrotados e acople neste card. Caso não esteja lá, busque no deck, revele-o e coloque-o na mão. Embaralhe",0,Permanente,"Tem multiataque ""Superior Direito"" enquanto estiver equipada com ""Machado da Aurora"".","""Quem pegou o meu machado de novo?""",Mariana Livraes,Épico,2025
68-B,G1 - 33,Aurora Roussou,Amazonas de Náxos,Criatura,2,Humano,Amazona,Guerreiro,-,3,3,1,2,1,-,1,Instântaneo,"Busque o ""Machado da Aurora"" em derrotados e acople neste card. Caso não esteja lá, busque no deck, revele-o e coloque-o na mão. Embaralhe",0,Permanente,"Tem multiataque ""Superior Direito"" enquanto estiver equipada com ""Machado da Aurora"".","""Quem pegou o meu machado de novo?""",Décio Júnior,Épico,2025
69,G1 - 34,Machado da Aurora,Amazonas de Náxos,Equipamento,2,Equipamento,Guerreiro,-,-,-,-,-,-,-,-,-,-, +2 de Ataque e +1 de Contra-Ataque,0,Último Golpe,Cause 1 de dano penetrante a uma criatura inimiga.,-,Mariana Livraes,Épico,2025
70,G1 - 35,Katherine Adamopoulos (Ev.),Amazonas de Náxos,Criatura Especial,4,Humano,Amazona,Guerreiro,-,5,7,2,2,1,-,3,Instântaneo,"Destrua uma criatura inimiga N1, N2 ou N3 que esteja ao alcance desta.",-,-,-,"Seus golpes têm uma força descomunal, derrubando gigantes com facilidade.",Diego Machuca,Épico,2025
72,G1 - 36,Chuva de Flechas,Amazonas de Náxos,Evento,0,Evento,-,-,-,-,-,-,-,-,-,10,Único Golpe,"Cause 1 de dano penetrante a todas as criaturas inimigas. Se houver só uma ou nenhuma criatura no seu campo, cause 3 ao invés de 1.",-,-,-,"""Protejam-se disso se forem capazes!""",Diego Machuca,Lendário,2025
78,G1 - 37,Hilare Philemon,Amazonas de Náxos,Criatura,3,Humano,Amazona,Guerreiro,-,4,4,1,2,1,-,1,Resposta,"2X Quando uma outra amazona aliada sofrer dano e sobreviver, devolva-a para a mão.",1,Permanente,As amazonas adjacentes têm +1 de ataque.,-,Ernst Eskelsen,Épico,2025
79,G1 - 38,Esconderijo das Amazonas,Amazonas de Náxos,Suporte,1,Suporte,Lugar,-,-,-,-,-,-,-,-,2,Inteligente,2X Esconda uma amazona aliada até o início do seu próximo turno. Durante esse tempo ela fica imune a qualquer tipo de dano.,-,-,-,"""Aqui é um lugar seguro.""",Robson Michel e Ernst Eskelsen,Épico,2025
80,G1 - 39,Ataque Simultâneo das Amazonas,Amazonas de Náxos,Estratégia,0,Estratégia,-,-,-,-,-,-,-,-,-,1,Inteligente,2X Escolha duas amazonas aptas a atacar e realize um ataque simultâneo (some seus ataques e ataque um único alvo ao alcance de ambas. Escolha uma como atacante primária e apenas ela será alvo de contra-ataques e efeitos que tenham como alvo a criatura atacante. O dano causado por multiataque é individual e só será somado se for na mesma direção).,-,-,-,-,Gomes Brown,Épico,2025
81,G1 - 40,Tamesis Acalântis,Amazonas de Náxos,Criatura,3,Humano,Amazona,Guerreiro,Defensor,4,4,2,1,1,-,2,Permanente,Tamesis Acalântis perde no máximo 1 de vida a cada dano que sofrer.,-,-,-,Resiste a golpes que derrubam exércitos.,Diego Machuca e Arthur Portela,Lendário,2025
81-B,G1 - 40,Tamesis Acalântis,Amazonas de Náxos,Criatura,3,Humano,Amazona,Guerreiro,Defensor,4,4,2,1,1,-,2,Permanente,Tamesis Acalântis perde no máximo 1 de vida a cada dano que sofrer.,-,-,-,Resiste a golpes que derrubam exércitos.,Diego Machuca e Arthur Portela,Lendário,2025
82,G1 - 41,Hilare Philemon (Ev.),Amazonas de Náxos,Criatura Especial,3,Humano,Amazona,Guerreiro,-,6,5,1,2,1,-,2,Permanente,As amazonas adjacentes têm +2 de ataque.,-,-,-,-,Ernst Eskelsen,Lendário,2025
F2,G1 - F1,Palácio das Amazonas,Amazonas de Náxos,Fortaleza,-,Fortaleza,-,-,-,30,-,-,-,-,-,2,Único Golpe,Escolha um efeito: • Devolva uma amazona do seu campo para a sua mão e invoque outra de mesmo nível no lugar. • Escolha duas amazonas no seu campo. Uma troca de lugar com a outra.,-,-,-,Um forte milenar que é o centro de treinamento de bravas amazonas.,Robson Michel,Comum,2020
R2,G1 - R1,Recurso - Gaia,Amazonas de Náxos,Recurso,0,Recurso,-,-,-,-,-,-,-,-,-,-,-," +1 DE NÍVEL OU +1 DE ENERGIA, SOMENTE NESTE TURNO. Utilize o recurso no seu turno ou no turno do oponente. Ele não pode ser anulado, pois não é considerado um efeito. Após seu uso, envie-o para zona de descarte.",-,-,-,-,William Borba,Comum,2020
100,M1 - 01,Koloryun,Planeta Zonnjik,Criatura,1,Animal,Ave,-,-,4,0,0,1,2,Voo,0,Permanente,A criatura que estiver exatamente na frente desta tem +1 de ataque.,-,-,-,Essa ave rara é sinal de boa sorte na batalha.,Gustav Arantes,Comum,2024
101,M1 - 02,Laydon,Planeta Zonnjik,Criatura,1,Goblin,Guerreiro,Ladino,-,2,3,0,1,1,-,2,Instântaneo,Rouba até 2 de escudo de uma criatura inimiga ao alcance desta.,-,-,-,"""Que escudo bonito, vou pegar emprestado...""",Ernst Eskelsen,Comum,2024
102,M1 - 03,Gabyno Ogam,Planeta Zonnjik,Criatura,1,Goblin,Mago,-,-,1,2,1,-,2,-,1,Resposta,"Quando uma criatura inimiga for invocada, Gabyno Ogam rouba 1 de vida dela.",-,-,-,"""Malditos alienigenas, escolheram o planeta errado. Suas vidas serão minhas!""",Ernst Eskelsen,Comum,2024
103,M1 - 04,Nayromi Naybul,Planeta Zonnjik,Criatura,2,Elfo,Feiticeiro ,-,-,2,3,2,1,2,Intuição,2,Instântaneo,Escolha duas criaturas inimigas cuja soma de seus níveis seja menor ou igual a 3. As criaturas se confrontam (as criaturas causam dano de ataque uma  à outra).,-,-,-,-,Henrique Marinelli,Comum,2024
104,M1 - 05,Nubro Ody,Planeta Zonnjik,Criatura,2,Elfo,Mago,-,-,4,3,0,-,2,Intuição,0,Único Golpe,O próximo efeito Instântaneo que você ativar neste turno pode ser ativado duas vezes seguidas. Pague o custo do efeito.,0,Último Golpe,"Busque o ""Grimório Arcano"" no seu deck ou em derrotados, revele-o e coloque-o na mão. Embaralhe.","""Através deste grimório, a magia de propagará em Zonnjik.""",Henrique Marinelli,Comum,2024
105,M1 - 06,Jawari Felasu,Planeta Zonnjik,Criatura,2,Elfo,Mago,Defensor,-,3,0,2,2,2,Alvo Primário,X,Antecipação,"Quando um ataque for declarado a um alvo aliado, invoque este card em um lugar ao alcance da criatura atacante. Jawari Felasu se torna o novo alvo do ataque. ""X"" é igual a quanto de escudo você quer conceder a Jawari Felasu durante o combate.",-,-,-,-,Henrique Marinelli,Comum,2024
106,M1 - 07,Zurkana,Planeta Zonnjik,Criatura,2,Orc,Guerreiro,-,-,3,3,1,1,1,-,2,Instântaneo,Confronta um criatura inimiga ao alcance desta (as criaturas causam dano de ataque uma à outra).,0,Permanente,Enquanto estiver ferida tem ataque duplo (pode atacar duas vezes seguidas).,"Os orcs são guerreiros brutais, temidos por sua ira inigualável. / ""Meu sangue é uma tributo a glória.""",Victor Maristane,Comum,2024
107,M1 - 08,Braduk,Planeta Zonnjik,Criatura,2,Orc,Lutador,-,-,4,4,1,1,1,-,2,Instântaneo,"Confronta um criatura inimiga N2, N3 ou N4 que esteja ao alcance desta (as criaturas causam dano de ataque uma  à outra).",0,Permanente,Só pode ser atacado por criaturas com alcance 1.,"""Não há honra em lutar contra os fracos.""",Diego Machuca,Comum,2024
108,M1 - 09,"Zakan, O Gladiador",Planeta Zonnjik,Criatura,3,Orc,Guerreiro,-,-,4,5,1,2,1,-,2,Instântaneo,"Confronta uma criatura inimiga ao alcance desta (as criaturas causam dano de ataque uma à outra). Se este card sobreviver e houver pelo menos uma criatura inimiga no campo do oponente alvo, ele deve escolher uma criatura dele para confrontar Zakan mais uma vez.",-,-,-,Esta foi sua última luta antes de ser abduzido.,Diego Machuca,Comum,2024
109,M1 - 10,Téfferos Vallac,Planeta Zonnjik,Criatura,3,Elfo,Feiticeiro,-,-,4,3,1,-,3,Intuição,5,Único Golpe,"Invoque a segunda cópia de uma criatura no seu campo, diretamente do seu deck. Embaralhe.",-,-,-,-,Henrique Marinelli,Comum,2024
110,M1 - 11,Temerius Ragnor,Planeta Zonnjik,Criatura,3,Elfo,Feiticeiro,-,-,4,3,2,-,2,-,5,Único Golpe,"Devolva uma criatura ou suporte inimigo para o final do deck. Se for uma criatura, o lugar onde ela estava ficará bloqueado por uma rodada (não pode ser ocupado). Se for um suporte, o adversário alvo não pode invocar nenhum suporte por uma rodada.",-,-,-,-,Henrique Marinelli,Comum,2024
111,M1 - 12,Yazorath,Planeta Zonnjik,Criatura,4,Dragão,-,-,-,5,4,1,2,2,Voo,2,Inteligente,Escolha um efeito: • Conceda +1 de ataque a uma outra criatura aliada. • Restaure até 2 de vida de uma outra criatura aliada.,-,-,-,O Dragão Supremo de Zonnjik.,Diego Machuca,Comum,2024
112,M1 - 13,Grimório Arcano,Planeta Zonnjik,Equipamento,2,Equipamento,Mago,Feiticeiro,-,-,-,-,-,-,Intuição,-,Permanente,"Efeitos Instântaneo e/ou Único Golpe do portador se tornam Inteligente. Se o portador já usou seu efeito no turno que este card for invocado, não poderá usar de novo no mesmo turno.",-,-,-,-,Henrique Marinelli,Comum,2024
113,M1 - 14,Santuário dos Monólitos Rúnicos,Planeta Zonnjik,Suporte,2,Suporte,Fonte,-,-,-,-,-,-,-,-,0,Inteligente,2x +2 de energia nesta rodada.,-,-,-,Este santuário emana uma magia ancestral desconhecida por muitos magos.,Gustav Arantes,Comum,2024
114,M1 - 15,Espelhamento Arcano,Planeta Zonnjik,Ação,0,Ação,Mago,Feiticeiro,-,-,-,-,-,-,-,2,Antecipação,"Depois que uma criatura inimiga causar dano a sua fortaleza, cause o mesmo dano na criatura. Se o dano for penetrante, também será causado dano penetrante na criatura alvo.",-,-,-,-,Henrique Marinelli,Comum,2024
115,M1 - 16,Yazorath (Ev.),Planeta Zonnjik,Criatura Especial,5,Dragão,-,-,-,6,5,2,2,3,Voo,5,Único Golpe,"Reinvoque o estágio anterior de Yazorath em outro lugar vago, desvinculando-o desta evolução.",-,-,-,-,Diego Machuca,Comum,2024
115-B,M1 - 16,Yazorath (Ev.),Planeta Zonnjik,Criatura Especial,5,Dragão,-,-,-,6,5,2,2,3,Voo,5,Único Golpe,"Reinvoque o estágio anterior de Yazorath em outro lugar vago, desvinculando-o desta evolução.",-,-,-,-,Samuel Marcelino,Comum,2024
126,M1 - 17,Furtóvi,Planeta Zonnjik,Criatura,1,Goblin,Guerreiro,Ladino,-,3,2,1,-,1,-,0,Instântaneo,Roube um equipamento de uma criatura e acople neste card. Ignore a raça e/ou tipo(s) requerido(s).,-,-,-,-,Ernst Eskelsen,Raro,2024
127,M1 - 18,Ariela Baji,Planeta Zonnjik,Criatura,1,Elfo,Mago,-,-,2,2,1,-,2,Agilidade-1 Intuição,2,Único Golpe,Conceda +2 de ataque a uma criatura com ataque original igual a 0 ou 2.,-,-,-,Sua magia encanta os sábios.,Eduardo Brasil,Raro,2024
127-B,M1 - 18,Ariela Baji,Planeta Zonnjik,Criatura,1,Elfo,Mago,-,-,2,2,1,-,2,Agilidade-1 Intuição,2,Único Golpe,Conceda +2 de ataque a uma criatura com ataque original igual a 0 ou 2.,-,-,-,Sua magia encanta os sábios.,Nicholas Hoe,Raro,2025
128,M1 - 19,Öthuren Djelko,Planeta Zonnjik,Criatura,2,Centauro,Guerreiro,Arqueiro,Gelo,2,3,2,1,2,Agilidade-2,1,Efeito de Combate,"Se o alvo estiver imobilizado, destrua-o.",-,-,-,-,Henrique Marinelli,Raro,2024
129,M1 - 20,Avanya Neev,Planeta Zonnjik,Criatura,2,Elfo,Gelo,-,-,3,2,1,1,2,-,2,Único Golpe,Imobilize uma criatura inimiga N1 ou N2 por uma rodada (não pode atacar nem se mover) e cause 1 de dano penetrante as criaturas adjacentes ao alvo.,-,-,-,-,Henrique Marinelli,Raro,2024
130,M1 - 21,Halfdan Galadris,Planeta Zonnjik,Criatura,3,Elfo,Gelo,-,-,4,3,2,1,2,-,3,Único Golpe,Imobilize uma criatura inimiga por uma rodada (ela não pode atacar nem se mover) e cause 2 de dano penetrante as criaturas adjacentes ao alvo.,-,-,-,-,Henrique Marinelli,Raro,2024
131,M1 - 22,Uldrak'Zul,Planeta Zonnjik,Criatura,4,Dragão,Gelo,-,-,6,5,1,2,3, Multiataque-D/E Voo,0,Permanente Obrigatório,"Se Uldrak’Zul atacar três criaturas através do seu multiataque, fica imobilizado por uma rodada.",-,-,-,-,Henrique Marinelli,Raro,2024
132,M1 - 23,"Ertus, Árvore da Cura",Planeta Zonnjik,Suporte,3,Fonte,-,-,-,-,-,-,-,-,-,2,Inteligente,3x Restaure 2 de vida de uma criatura aliada.,0,Último Golpe,"Invoque ""Ertus Desgarrada"" do seu deck especial.",-,Henrique Marinelli,Raro,2024
133,M1 - 24,Congelar,Planeta Zonnjik,Ação,0,Ação,Gelo,-,-,-,-,-,-,-,-,6,Instântaneo,Imobilize todas as criaturas inimigas na linha de ataque ou na linha de defesa por uma rodada (não podem atacar nem se mover). ,-,-,-,-,Eduardo Brasil,Raro,2024
134,M1 - 25,Ertus Desgarrada,Planeta Zonnjik,Criatura Especial,3,Árvore,Nattur,-,-,7,3,1,2,1,-,-,-,-,-,-,-,"Com o esgotar do poder de cura de Ertus, a destruição se inicia. Sob o feitiço de Ravyna, a ira de Ertus se volta ferozmente contra os invasores.",Ernst Eskelsen,Raro,2024
135,M1 - 26,Halfdan Galadris (Ev.),Planeta Zonnjik,Criatura Especial,4,Elfo,Gelo,-,-,5,5,2,1,2,-,5,Único Golpe,Imobilize uma criatura inimiga por uma rodada (ela não pode atacar nem se mover) e cause 3 de dano penetrante as criaturas adjacentes ao alvo.,-,-,-,-,Henrique Marinelli,Raro,2024
146,M1 - 27,Unicorjik,Planeta Zonnjik,Criatura,1,Animal,Unicórnio,-,-,4,1,0,1,1,Intuição,0,Permanente,"Os efeitos das criaturas adjacentes custam 1E a menos para serem ativados, mas nunca zero.",-,-,-,-,Eduardo Brasil,Épico,2024
147,M1 - 28,Nector Sadjin,Planeta Zonnjik,Criatura,1,Elfo,Mago,Guerreiro,-,3,2,1,1,1,-,1,Inteligente,"Lance um dado e conceda mais ataque a esta criatura neste turno, onde os resultados 1 ou 2 = +1, 3 ou 4 = +2 e 5 ou 6 = +3.",-,-,-,Magia não é algo fácil de se controlar.,Eduardo Brasil,Épico,2024
148,M1 - 29,Ravyna,Planeta Zonnjik,Criatura,2,Centauro,Feiticeiro,-,-,5,2,1,1,1,-,2,Único Golpe,Troque a vida pelo ataque de uma criatura.,-,-,-,-,Eduardo Brasil,Épico,2024
149,M1 - 30,Worgnulf,Planeta Zonnjik,Criatura,2,Lycan,Animóide,Guerreiro,-,3,3,1,2,1,Agilidade-2 Multiataque-F,0,Permanente,Ataque rápido (imune a dano de contra-ataque).,-,-,-,-,Henrique Marinelli,Épico,2024
149-B,M1 - 30,Worgnulf,Planeta Zonnjik,Criatura,2,Lycan,Animóide,Guerreiro,-,3,3,1,2,1,Agilidade-2 Multiataque-F,0,Permanente,Ataque rápido (imune a dano de contra-ataque).,-,-,-,-,Décio Júnior,Épico,2025
150,M1 - 31,Nixxa Naybul,Planeta Zonnjik,Criatura,3,Elfo,Feiticeiro,-,-,1,1,1,1,2,-,5,Instantâneo,Rouba a vida e o ataque de uma criatura.,-,-,-,-,Henrique Marinelli,Épico,2024
151,M1 - 32,Feitiço Dracônico,Planeta Zonnjik,Ação,0,Ação,Mago,Feiticeiro,-,-,-,-,-,-,-,X,Instântaneo,"Revele um dragão da mão e ative seu efeito como se pertencesse ao portador desta ação. O efeito do dragão deve ser instântaneo, único golpe ou inteligente. ""X"" é igual ao custo original do efeito.",-,-,-,Despertar Dragmunn foi um plano ousado.,Henrique Marinelli,Épico,2024
152,M1 - 33,Fúria do Dragão,Planeta Zonnjik,Ação,0,Ação,-,-,-,-,-,-,-,-,-,5,Instantâneo,Cause 7 de dano a uma criatura inimiga com nível igual ou inferior ao portador.,-,-,-,-,Ernst Eskelsen,Épico,2024
153,M1 - 34,Wyn Arsalis,Planeta Zonnjik,Criatura,3,Centauro,Guerreiro,-,-,3,4,2,2,1,-,3,Único Golpe,Wyn Arsalis ganha +1 de vida e +1 de ataque para cada raça diferente no seu campo. ,-,-,-,-,Gomes Brown,Lendário,2024
153-B,M1 - 34,Wyn Arsalis,Planeta Zonnjik,Criatura,3,Centauro,Guerreiro,-,-,3,4,2,2,1,-,3,Único Golpe,Wyn Arsalis ganha +1 de vida e +1 de ataque para cada raça diferente no seu campo. ,-,-,-,"A poção lhe concedeu pernas de elfo, mas sem apagar sua força de centauro.",Gomes Brown,Lendário,2025
154,M1 - 35,Dragmunn,Planeta Zonnjik,Criatura,4,Dragão,-,-,-,4,5,2,1,3,Voo,1,Instântaneo Obrigatório,Cause 1 de dano penetrante a todas as outras criaturas.,-,-,-,"Dragmunn foi despertado, e sua ira recairá sobre todos.",Henrique Marinelli,Lendário,2024
155,M1 - 36,Tempestade Arcana,Planeta Zonnjik,Evento,0,Evento,-,-,-,-,-,-,-,-,-,11,Único Golpe,"Ative sem custo até três efeitos de criaturas da Galáxia Majik no seu campo (independente de seus estados, que não serão alterados). Os efeitos devem ser instantâneo, único golpe ou inteligente. Escolha a ordem e ative os efeitos em sequência ininterrupta. Eles não podem ser anulados. Ao gerarem gatilhos para outros efeitos, os mesmos só ocorrerão após a resolução deste evento.",-,-,-,-,Samuel Marcelino,Lendário,2024
F4,M1 - F1,Templo da Magia Arcana,Planeta Zonnjik,Fortaleza,-,Fortaleza,-,-,-,30,-,-,-,-,-,2,Único Golpe,Escolha um efeito: • Remova veneno ou imobilização ou inércia de uma criatura da Galáxia Majik. • Esconda uma criatura aliada da Galáxia Majik até o início do seu próximo turno.,-,-,-,A magnitude do perigo forçou a aliança entre raças inimigas.,Gustav Arantes,Comum,2024
R4,M1 - R1,Recurso - Majik,Planeta Zonnjik,Recurso,0,Recurso,-,-,-,-,-,-,-,-,-,-,-," +1 DE NÍVEL OU +1 DE ENERGIA, SOMENTE NESTE TURNO. Utilize o recurso em qualquer turno. Ele não pode ser anulado, pois não é considerado um efeito. Após seu uso, envie-o para zona de descarte.",-,-,-,-,William Borba,Comum,2024
1,S1 - 01,Phrozb,Goldrons de Zartroit,Criatura,1,Robô,Goldron,Manipulador,Guerrilheiro,2,3,1,-,1,-,2,Instântaneo,O  próximo manipulador que você invocar neste turno custará 2N a menos.,-,-,-,O chamado de Phrozb será acatado.,Gomes Brown,Comum,2020
2,S1 - 02,Zagoc,Goldrons de Zartroit,Criatura,1,Robô,Goldron,Manipulador,Guerrilheiro,1,3,2,-,1,Intuição,0,Instântaneo,Proteção máxima (não pode ser alvo de ataques e efeitos do oponente) por uma rodada.,0,Último Golpe,"Busque o equipamento""Zagockranozz"" no seu deck especial e coloque-o na mão.",Auto Blindagem. / Sua herança protegerá um aliado.,João Henrique de Jesus,Comum,2020
3,S1 - 03,Katarb,Goldrons de Zartroit,Criatura,1,Robô,Goldron,Manipulador,Guerrilheiro,2,2,1,2,2,-,0,Antecipação,"Se seu oponente tiver mais criaturas que você em campo e declarar um ataque a fortaleza, invoque este card sem custo em um lugar que a criatura atacante alcance. Katarb será o novo alvo do ataque.",-,-,-,-,Gomes Brown,Comum,2020
4,S1 - 04,Dogorb,Goldrons de Zartroit,Criatura,1,Robô,Goldron,Manipulador,Guerrilheiro,1,3,1,1,2,Agilidade-2,-,-,-,-,-,-,-,Gomes Brown,Comum,2020
5,S1 - 05,Jorb,Goldrons de Zartroit,Criatura,1,Robô,Goldron,Manipulador,Guerrilheiro,3,2,1,1,1,-,2,Antecipação,"Quando um goldron que não seja sentinela for derrotado, ao invés de enviá-lo para derrotados restaure 1 de vida e conceda-lhe proteção máxima (não pode ser alvo de ataques e efeitos do oponente) até o final do turno.",-,-,-,Jorb é capaz de recuperar a essência energética de um robô.,Gomes Brown,Comum,2020
6,S1 - 06,Bauzz,Goldrons de Zartroit,Criatura,1,Robô,Goldron,Manipulador,Atirador,2,3,2,-,3,Intuição,2,Permanente,Bauzz tem +3 de ataque para atacar a fortaleza.,-,-,-,-,Gomes Brown,Comum,2020
7,S1 - 07,Beltrozz,Goldrons de Zartroit,Criatura,2,Robô,Goldron,Guerrilheiro,-,3,3,1,-,1,Agilidade-2,1,Único Golpe,Compre dois cards.,-,-,-,Beltrozz usa a comunicação magnética.,Gomes Brown,Comum,2020
8,S1 - 08,Garjix,Goldrons de Zartroit,Criatura,2,Robô,Goldron,Guerrilheiro,-,2,4,2,2,1,Esconder Multiataque-SE ,-,-,-,-,-,-,-,Gomes Brown,Comum,2020
8-B,S1 - 08,Garjix,Goldrons de Zartroit,Criatura,2,Robô,Goldron,Guerrilheiro,-,2,4,2,2,1,Esconder Multiataque-SE ,-,-,-,-,-,-,"Garjix, o Goldron! Escondido ele vem, sorrateiro em campo seu poder ele provém.",Gomes Brown,Comum,2025
9,S1 - 09,Nazzbrok,Goldrons de Zartroit,Criatura,2,Robô,Goldron,Manipulador,Guerrilheiro,3,3,2,2,1,Intuição,1,Único Golpe,Escolha uma criatura no campo do adversário. Ela ficará exausta até pagar 3E para voltar a standby.,-,-,-,-,Gomes Brown,Comum,2020
10,S1 - 10,Qytherk,Goldrons de Zartroit,Criatura,2,Robô,Goldron,Manipulador,Guerrilheiro,3,4,2,1,1,Intuição,0,Instântaneo,"Busque o equipamento ""Kromyn-B"" no deck, revele-o e coloque-o na mão. Embaralhe.",0,Único Golpe, +1 de energia nesta rodada. ,E assim a Kromyn-B foi forjada. / Sobrecarga Energética.,Gomes Brown,Comum,2020
11,S1 - 11,Jyrgozz,Goldrons de Zartroit,Criatura,2,Robô,Goldron,Manipulador,Atirador,3,4,1,-,3,-,1,Instântaneo,Cause 2 de dano a uma criatura e à fortaleza rival.,0,Único Golpe,"Deixe em standby um goldron aliado exausto, que tenha um efeito do tipo Único Golpe. ",Reverter o fluxo da própria energia para recarregar aliados é sua função principal.,Gomes Brown,Comum,2020
12,S1 - 12,Zorbozz,Goldrons de Zartroit,Criatura,3,Robô,Goldron,Guerrilheiro,-,4,5,2,2,1,Intuição,-,-,-,-,-,-,-,Gomes Brown,Comum,2020
13,S1 - 13,Zibrolttar,Goldrons de Zartroit,Criatura,3,Robô,Goldron,Sentinela,-,7,0,2,-,1,Alvo Primário,-,-,-,-,-,-,-,Gomes Brown,Comum,2020
14,S1 - 14,Zardok,Goldrons de Zartroit,Criatura,3,Robô,Goldron,Manipulador,Guerrilheiro,3,6,2,1,1,-,1,Único Golpe,Conceda + 3 de ataque neste turno a um outro goldron guerrilheiro.,-,-,-,Com o poder da mente este gigante fortalece seus semelhantes.,Gomes Brown,Comum,2020
15,S1 - 15,Cretaur-K,Goldrons de Zartroit,Criatura,3,Robô,Goldron,Manipulador,Guerrilheiro,3,4,3,1,1,-,0,Único Golpe, + 1 de nível nesta rodada.,-,-,-,Apenas uma demostração de poder.,Robson Michel,Comum,2020
16,S1 - 16,Noctrobazz,Goldrons de Zartroit,Criatura,3,Robô,Goldron,Manipulador,Atirador,5,3,1,-,3,-,X,Único Golpe,Noctrobazz tem +X de ataque neste turno.,-,-,-,-,Gomes Brown,Comum,2020
17,S1 - 17,Kromyn-B,Goldrons de Zartroit,Equipamento,2,Equipamento,Robô,Guerrilheiro,-,-,-,-,-,-,-,-,-, +2 de Ataque e Alcance 2,0,Instântaneo,O oponente terá -1 de energia na próxima rodada dele.,-,Gomes Brown,Comum,2020
18,S1 - 18,Zartropoolz,Goldrons de Zartroit,Suporte,1,Suporte,Mecanismo,-,-,-,-,-,-,-,-,2,Inteligente,3x Conceda +2 de ataque neste turno a um robô que não seja sentinela.,-,-,-,Um centro para melhorias de desempenho.,Robson Michel,Comum,2020
19,S1 - 19,Zagockranozz,Goldrons de Zartroit,Equipamento Especial,1,Equipamento,Goldron,Manipulador,-,-,-,-,-,-,-,2,Inteligente,"O portador ganha proteção contra mira (não pode ser alvo de ataques) por uma rodada. O portador não pode ter atacado ou atacar no turno que ativar este efeito, ao menos que pague 5 neste efeito.",-,-,-,-,Diego Machuca,Comum,2020
20,S1 - 20,Cretaur-K (Ev.),Goldrons de Zartroit,Criatura Especial,4,Robô,Goldron,Manipulador,Guerrilheiro,5,5,3,1,1,-,3,Instântaneo,Baixe 1 de energia do campo do oponente para aumentar 1 de energia do seu campo.,-,-,-,Eis o verdadeiro poder!,Robson Michel,Comum,2020
41,S1 - 21,Brox,Goldrons de Zartroit,Criatura,1,Robô,Goldron,Manipulador,Guerrilheiro,2,3,1,-,1,Agilidade-2,0,Permanente,Tem +3 de ataque enquanto houver pelo menos um goldron evoluído no seu campo.,-,-,-,Captação de Poder.,Gomes Brown,Raro,2020
42,S1 - 22,Orbtralzz,Goldrons de Zartroit,Criatura,1,Robô,Goldron,Manipulador,Atirador,2,3,1,-,3,Voo,0,Antecipação,"Quando uma criatura ficar apta a atacar por meio de agilidade, desabilite essa habilidade do alvo.",-,-,-,Tiroteio Aéreo.,Gomes Brown,Raro,2020
43,S1 - 23,Malbai,Goldrons de Zartroit,Criatura,1,Robô,Goldron,Manipulador,Atirador,2,2,2,1,3,Esconder,2,Resposta,"Ative enquanto Malbai estiver escondido. Quando um ataque for declarado a um goldron aliado, conceda 1 marcador de proteção de vida e ele (o primeiro dano sofrido será ignorado e a criatura perderá 1 marcador). Se o oponente tiver mais criaturas que você em campo, conceda 2 marcadores ao invés de 1.",-,-,-,Neutralizando ataques...,Gomes Brown,Raro,2020
44,S1 - 24,Therkoj,Goldrons de Zartroit,Criatura,2,Robô,Goldron,Manipulador,Guerrilheiro,3,4,2,-,1,Intuição,1,Super Resposta,"Depois de invocar um goldron manipulador no seu campo, este efeito pode ser ativado. Therkoj ganha 1 marcador de proteção de vida (o primeiro dano sofrido será ignorado e esta criatura perderá 1 marcador).",-,-,-,-,Gomes Brown,Raro,2020
45,S1 - 25,Nergyzzak,Goldrons de Zartroit,Criatura,2,Robô,Goldron,Manipulador,Guerrilheiro,2,2,1,-,1,-,X,Instântaneo,Nergyzzak ganha +X de vida e +X de ataque.,-,-,-,-,Gomes Brown,Raro,2020
46,S1 - 26,Kytrov,Goldrons de Zartroit,Criatura,2,Robô,Goldron,Manipulador,Atirador,3,5,1,-,2,-,3,Único Golpe,Escolha outro manipulador que já atacou neste turno. A criatura alvo poderá atacar novamente.,-,-,-,-,Gomes Brown,Raro,2020
47,S1 - 27,Crottanox,Goldrons de Zartroit,Criatura,3,Robô,Goldron,Guerrilheiro,-,4,4,1,-,1,Agilidade-3,1,Único Golpe,Escolha um efeito: • Devolva uma criatura N1 para a mão de seu dono. • Envie um card aleatório da mão do oponente para derrotados e ganhe +1 de contra-ataque.,-,-,-,-,Gomes Brown,Raro,2020
48,S1 - 28,Phroniac,Goldrons de Zartroit,Criatura,3,Robô,Goldron,Manipulador,Guerrilheiro,4,6,1,1,1,-,2,Instântaneo,Sacrifique um outro goldron no seu campo para destruir uma criatura do oponente com nível menor ou igual ao do goldron sacrificado.,-,-,-,-,Robson Michel,Raro,2020
48-B,S1 - 28,Phroniac,Goldrons de Zartroit,Criatura,3,Robô,Goldron,Manipulador,Guerrilheiro,4,6,1,1,1,-,2,Instântaneo,Sacrifique um outro goldron no seu campo para destruir uma criatura do oponente com nível menor ou igual ao do goldron sacrificado.,-,-,-,-,Gomes Brown,Raro,2025
49,S1 - 29,Zartrox,Goldrons de Zartroit,Criatura,3,Robô,Goldron,Manipulador,Sentinela,4,4,2,2,1,-,2,Permanente,Proteção contra efeitos (não pode ser alvo de efeitos do oponente).,-,-,-,Zartrox detectou muito ouro sob este solo.,Gomes Brown,Raro,2020
50,S1 - 30,Fúria Robótica,Goldrons de Zartroit,Ação,0,Ação,Manipulador,-,-,-,-,-,-,-,-,2,Instântaneo," +1 de ataque e Multiataque ""Superior Direito"" neste turno.",-,-,-,-,Robson Michel,Raro,2020
51,S1 - 31,Zardok (Ev.),Goldrons de Zartroit,Criatura Especial,4,Robô,Goldron,Manipulador,Guerrilheiro,6,6,2,2,1,-,2,Único Golpe,Conceda +4 de ataque neste turno a um ou mais goldrons guerrilheiros. Divida o valor entre eles da forma que quiser.,-,-,-,"Com essa quantidade de ouro em seu domínio, Zardok se torna quase imbatível.",Gomes Brown,Raro,2020
63,S1 - 32,Wormyd,Goldrons de Zartroit,Criatura,2,Robô,Goldron,Guerrilheiro,-,3,4,1,1,2,-,2,Instântaneo,Mova uma criatura inimiga para qualquer outro lugar vago no campo do adversário.,-,-,-,Abrindo passagens...,Gomes Brown,Épico,2025
64,S1 - 33,Zartroworb,Goldrons de Zartroit,Suporte,1,Suporte,Mecanismo,-,-,-,-,-,-,-,-,0,Inteligente,2x Escolha um robô N1 ou N2 no seu campo que não tenha marcador de proteção de vida. Conceda 1 marcador proteção de vida a ele (o primeiro dano sofrido será ignorado e a criatura perderá 1 marcador).,-,-,-,-,Gomes Brown,Épico,2025
65,S1 - 34,Trowerbell,Goldrons de Zartroit,Suporte,3,Suporte,Armamento,-,-,-,-,-,-,-,-,2,Inteligente,"3x Escolha uma criatura inimiga, lance um dado e cause o dano sorteado nela.",-,-,-,Uma ameaça foi detectada...,Gomes Brown,Épico,2025
66,S1 - 35,Phroniac (Ev.),Goldrons de Zartroit,Criatura Especial,4,Robô,Goldron,Manipulador,Guerrilheiro,6,7,1,2,1,-,4,Único Golpe,Sacrifique um outro goldron no seu campo para destruir duas criaturas de um oponente com níveis menores ou iguais ao do goldron sacrificado.,-,-,-,-,Robson Michel,Épico,2025
66-B,S1 - 35,Phroniac (Ev.),Goldrons de Zartroit,Criatura Especial,4,Robô,Goldron,Manipulador,Guerrilheiro,6,7,1,2,1,-,4,Único Golpe,Sacrifique um outro goldron no seu campo para destruir duas criaturas de um oponente com níveis menores ou iguais ao do goldron sacrificado.,-,-,-,-,Gomes Brown,Épico,2025
71,S1 - 36,Explosão Goldroniana,Goldrons de Zartroit,Evento,0,Evento,-,-,-,-,-,-,-,-,-,9,Único Golpe,Cause 4 de dano a todas as criaturas em campo.,-,-,-,-,Gomes Brown,Lendário,2025
73,S1 - 37,Gowba,Goldrons de Zartroit,Criatura,1,Robô,Goldron,Manipulador,Guerrilheiro,2,2,2,-,2,-,1,Permanente,Efeitos de seus cards do grupo Goldrons de Zartroit que causam dano passam a causar dano penetrante.,-,-,-,-,Nicholas Hoe,Épico,2025
74,S1 - 38,Morgev,Goldrons de Zartroit,Criatura,2,Robô,Goldron,Manipulador,Atirador,2,3,2,-,3,-,2,Permanente,"Seus goldrons são imunes ao dano do evento ""Explosão Goldroniana"".",-,-,-,Manipulando energia em nível atômico...,Nicholas Hoe e Gomes Brown,Épico,2025
75,S1 - 39,Rajada de Energia,Goldrons de Zartroit,Ação,0,Ação,Manipulador,-,-,-,-,-,-,-,-,2,Instântaneo,Cause 3 de dano a uma criatura ao alcance do portador.,-,-,-,"Carregado com muita energia, Nergyzzak começa a testar seu poder.",Gomes Brown,Épico,2025
76,S1 - 40,Reyzar,Goldrons de Zartroit,Criatura,3,Robô,Goldron,Manipulador,Atirador,3,5,2,-,2,-,3,Instântaneo,Cause 1 de dano penetrante a todas as criaturas ao alcance de Reyzar.,-,-,-,Sistema calibrado para eliminar múltiplos alvos.,Gomes Brown,Lendário,2025
76-B,S1 - 40,Reyzar,Goldrons de Zartroit,Criatura,3,Robô,Goldron,Manipulador,Atirador,3,5,2,-,2,-,3,Instântaneo,Cause 1 de dano penetrante a todas as criaturas ao alcance de Reyzar.,-,-,-,Sistema calibrado para eliminar múltiplos alvos.,Gomes Brown,Lendário,2025
77,S1 - 41,Nergyzzak (Ev.),Goldrons de Zartroit,Criatura,4,Robô,Goldron,Manipulador,Guerrilheiro,4,4,2,-,1,-,X,Instântaneo,"Se o estágio anterior não ativou seu efeito, ou se este card for invocado da mão, este efeito pode ser ativado. Nergyzzak ganha +X de vida e +X de ataque.",0,Único Golpe,"Conceda até 2 de energia para o evento ""Explosão Goldroniana"" no seu campo.",A explosão revelará o que os Goldrons realmente procuram...,Gomes Brown,Raro,2020
F1,S1 - F1,Zartrower,Goldrons de Zartroit,Fortaleza,-,Fortaleza,-,-,-,30,-,-,-,-,-,2,Único Golpe,"Escolha um efeito: • Conceda 1 marcador de proteção de vida a um goldron aliado (o primeiro dano sofrido será ignorado e a criatura perderá 1 marcador). • Busque um goldron N1 no seu deck, revele-o e coloque-o na mão. Embaralhe.",-,-,-,Uma torre gigantesca teletransportada para a Terra em busca de ouro para o povo goldroniano.,Gomes Brown,Comum,2020
R1,S1 - R1,Recurso - Stroj,Goldrons de Zartroit,Recurso,0,Recurso,-,-,-,-,-,-,-,-,-,-,-," +1 DE NÍVEL OU +1 DE ENERGIA, SOMENTE NESTE TURNO. Utilize o recurso no seu turno ou no turno do oponente. Ele não pode ser anulado, pois não é considerado um efeito. Após seu uso, envie-o para zona de descarte.",-,-,-,-,William Borba,Comum,2020